,brand,model,top_speed_kmh,battery_capacity_kWh,battery_type,number_of_cells,torque_nm,efficiency_wh_per_km,range_km,acceleration_0_100_s,fast_charging_power_kw_dc,fast_charge_port,towing_capacity_kg,cargo_volume_l,seats,drivetrain,segment,length_mm,width_mm,height_mm,car_body_type,source_url
0,Abarth,500e Convertible,155,37.8,Lithium-ion,192.0,235.0,156,225,7.0,67.0,CCS,0.0,185,4,FWD,B - Compact,3673,1683,1518,Hatchback,https://ev-database.org/car/1904/Abarth-500e-Convertible
1,Abarth,500e Hatchback,155,37.8,Lithium-ion,192.0,235.0,149,225,7.0,67.0,CCS,0.0,185,4,FWD,B - Compact,3673,1683,1518,Hatchback,https://ev-database.org/car/1903/Abarth-500e-Hatchback
2,Abarth,600e Scorpionissima,200,50.8,Lithium-ion,102.0,345.0,158,280,5.9,79.0,CCS,0.0,360,5,FWD,JB - Compact,4187,1779,1557,SUV,https://ev-database.org/car/3057/Abarth-600e-Scorpionissima
3,Abarth,600e Turismo,200,50.8,Lithium-ion,102.0,345.0,158,280,6.2,79.0,CCS,0.0,360,5,FWD,JB - Compact,4187,1779,1557,SUV,https://ev-database.org/car/3056/Abarth-600e-Turismo
6,Alfa,Romeo Junior Elettrica 54 kWh,150,50.8,Lithium-ion,102.0,260.0,128,320,9.0,85.0,CCS,0.0,400,5,FWD,JB - Compact,4173,1781,1532,SUV,https://ev-database.org/car/2184/Alfa-Romeo-Junior-Elettrica-54-kWh
7,Alfa,Romeo Junior Elettrica 54 kWh Veloce,200,50.8,Lithium-ion,102.0,345.0,164,310,6.0,85.0,CCS,0.0,400,5,FWD,JB - Compact,4173,1781,1505,SUV,https://ev-database.org/car/2185/Alfa-Romeo-Junior-Elettrica-54-kWh-Veloce
8,Alpine,A290 Electric 180 hp,160,52.0,Lithium-ion,184.0,285.0,138,310,7.4,70.0,CCS,500.0,326,5,FWD,B - Compact,3997,1823,1512,Hatchback,https://ev-database.org/car/2268/Alpine-A290-Electric-180-hp
9,Alpine,A290 Electric 220 hp,170,52.0,Lithium-ion,184.0,300.0,144,305,6.4,70.0,CCS,500.0,326,5,FWD,B - Compact,3997,1823,1512,Hatchback,https://ev-database.org/car/2269/Alpine-A290-Electric-220-hp
10,Audi,A6 Avant e-tron,210,75.8,Lithium-ion,150.0,435.0,146,465,6.0,150.0,CCS,2100.0,502,5,RWD,JE - Executive,4928,1923,1455,Station/Estate,https://ev-database.org/car/3055/Audi-A6-Avant-e-tron
11,Audi,A6 Avant e-tron performance,210,94.9,Lithium-ion,180.0,565.0,151,575,5.4,200.0,CCS,2100.0,502,5,RWD,JE - Executive,4928,1923,1455,Station/Estate,https://ev-database.org/car/2272/Audi-A6-Avant-e-tron-performance
12,Audi,A6 Avant e-tron quattro,210,94.9,Lithium-ion,180.0,855.0,157,560,4.5,200.0,CCS,2100.0,502,5,AWD,JE - Executive,4928,1923,1455,Station/Estate,https://ev-database.org/car/3054/Audi-A6-Avant-e-tron-quattro
13,Audi,A6 Sportback e-tron,210,75.8,Lithium-ion,150.0,435.0,136,495,6.0,150.0,CCS,2100.0,502,5,RWD,JE - Executive,4928,1923,1455,Liftback Sedan,https://ev-database.org/car/3053/Audi-A6-Sportback-e-tron
14,Audi,A6 Sportback e-tron performance,210,94.9,Lithium-ion,180.0,565.0,141,610,5.4,200.0,CCS,2100.0,502,5,RWD,JE - Executive,4928,1923,1455,Liftback Sedan,https://ev-database.org/car/2270/Audi-A6-Sportback-e-tron-performance
15,Audi,A6 Sportback e-tron quattro,210,94.9,Lithium-ion,180.0,855.0,147,590,4.7,200.0,CCS,2100.0,502,5,AWD,JE - Executive,4928,1923,1455,Liftback Sedan,https://ev-database.org/car/3052/Audi-A6-Sportback-e-tron-quattro
16,Audi,Q4 Sportback e-tron 40,160,59.0,Lithium-ion,216.0,310.0,156,340,8.1,110.0,CCS,1000.0,520,5,RWD,JC - Medium,4588,1865,1614,SUV,https://ev-database.org/car/3149/Audi-Q4-Sportback-e-tron-40
17,Audi,Q4 Sportback e-tron 45,180,77.0,Lithium-ion,288.0,545.0,162,435,6.7,120.0,CCS,1000.0,535,5,RWD,JC - Medium,4588,1865,1614,SUV,https://ev-database.org/car/2016/Audi-Q4-Sportback-e-tron-45
18,Audi,Q4 Sportback e-tron 45 quattro,180,77.0,Lithium-ion,288.0,679.0,165,410,6.6,120.0,CCS,1200.0,535,5,AWD,JC - Medium,4588,1865,1614,SUV,https://ev-database.org/car/2017/Audi-Q4-Sportback-e-tron-45-quattro
19,Audi,Q4 Sportback e-tron 55 quattro,180,77.0,Lithium-ion,288.0,679.0,165,415,5.4,120.0,CCS,1200.0,535,5,AWD,JC - Medium,4588,1865,1614,SUV,https://ev-database.org/car/2018/Audi-Q4-Sportback-e-tron-55-quattro
20,Audi,Q4 e-tron 40,160,59.0,Lithium-ion,216.0,310.0,159,325,8.1,110.0,CCS,1000.0,520,5,RWD,JC - Medium,4588,1865,1632,SUV,https://ev-database.org/car/3148/Audi-Q4-e-tron-40
21,Audi,Q4 e-tron 45,180,77.0,Lithium-ion,288.0,545.0,169,420,6.7,120.0,CCS,1000.0,520,5,RWD,JC - Medium,4588,1865,1632,SUV,https://ev-database.org/car/2013/Audi-Q4-e-tron-45
22,Audi,Q4 e-tron 45 quattro,180,77.0,Lithium-ion,288.0,679.0,171,395,6.6,120.0,CCS,1200.0,520,5,AWD,JC - Medium,4588,1865,1632,SUV,https://ev-database.org/car/2014/Audi-Q4-e-tron-45-quattro
23,Audi,Q4 e-tron 55 quattro,180,77.0,Lithium-ion,288.0,679.0,171,395,5.4,120.0,CCS,1200.0,520,5,AWD,JC - Medium,4588,1865,1632,SUV,https://ev-database.org/car/2015/Audi-Q4-e-tron-55-quattro
24,Audi,Q6 e-tron,210,75.8,Lithium-ion,150.0,450.0,166,395,7.0,150.0,CCS,2000.0,526,5,RWD,JD - Large,4771,1939,1685,SUV,https://ev-database.org/car/2281/Audi-Q6-e-tron
25,Audi,Q6 e-tron Sportback,210,75.8,Lithium-ion,150.0,450.0,139,410,7.0,150.0,CCS,2000.0,511,5,RWD,JD - Large,4771,1939,1665,SUV,https://ev-database.org/car/3041/Audi-Q6-e-tron-Sportback
26,Audi,Q6 e-tron Sportback performance,210,94.9,Lithium-ion,180.0,485.0,145,510,6.6,190.0,CCS,2000.0,511,5,RWD,JD - Large,4771,1939,1665,SUV,https://ev-database.org/car/3042/Audi-Q6-e-tron-Sportback-performance
27,Audi,Q6 e-tron Sportback quattro,210,94.9,Lithium-ion,180.0,855.0,149,500,5.9,200.0,CCS,2400.0,511,5,AWD,JD - Large,4771,1939,1665,SUV,https://ev-database.org/car/3043/Audi-Q6-e-tron-Sportback-quattro
28,Audi,Q6 e-tron performance,210,94.9,Lithium-ion,180.0,485.0,171,490,6.6,190.0,CCS,2000.0,526,5,RWD,JD - Large,4771,1939,1685,SUV,https://ev-database.org/car/2215/Audi-Q6-e-tron-performance
29,Audi,Q6 e-tron quattro,210,94.9,Lithium-ion,180.0,855.0,176,480,5.9,200.0,CCS,2400.0,10 Banana Boxes,5,AWD,JD - Large,4771,1939,1685,SUV,https://ev-database.org/car/2146/Audi-Q6-e-tron-quattro
30,Audi,S6 Avant e-tron,240,94.9,Lithium-ion,180.0,855.0,156,530,3.9,200.0,CCS,2100.0,502,5,AWD,JE - Executive,4928,1923,1493,Station/Estate,https://ev-database.org/car/2273/Audi-S6-Avant-e-tron
31,Audi,S6 Sportback e-tron,240,94.9,Lithium-ion,180.0,855.0,149,555,3.9,200.0,CCS,2100.0,502,5,AWD,JE - Executive,4928,1923,1465,Liftback Sedan,https://ev-database.org/car/2271/Audi-S6-Sportback-e-tron
32,Audi,SQ6 e-tron,230,94.9,Lithium-ion,180.0,855.0,169,470,4.3,200.0,CCS,2400.0,514,5,AWD,JD - Large,4771,1965,1685,SUV,https://ev-database.org/car/2147/Audi-SQ6-e-tron
33,Audi,SQ6 e-tron Sportback,230,94.9,Lithium-ion,180.0,855.0,164,495,4.3,200.0,CCS,2400.0,511,5,AWD,JD - Large,4771,1965,1665,SUV,https://ev-database.org/car/3044/Audi-SQ6-e-tron-Sportback
34,Audi,e-tron GT RS,250,97.0,Lithium-ion,396.0,865.0,184,525,2.8,281.0,CCS,0.0,350,4,AWD,F - Luxury,4997,1964,1389,Sedan,https://ev-database.org/car/2220/Audi-e-tron-GT-RS
35,Audi,e-tron GT RS performance,250,97.0,Lithium-ion,396.0,1027.0,182,525,2.5,281.0,CCS,0.0,350,4,AWD,F - Luxury,4997,1964,1389,Sedan,https://ev-database.org/car/2221/Audi-e-tron-GT-RS-performance
36,Audi,e-tron GT S,245,97.0,Lithium-ion,396.0,740.0,172,540,3.4,281.0,CCS,0.0,405,4,AWD,F - Luxury,5004,1964,1394,Sedan,https://ev-database.org/car/2219/Audi-e-tron-GT-S
37,Audi,e-tron GT quattro,245,97.0,Lithium-ion,396.0,625.0,169,540,4.0,281.0,CCS,0.0,405,4,AWD,F - Luxury,5004,1964,1394,Sedan,https://ev-database.org/car/3182/Audi-e-tron-GT-quattro
59,BYD,ATTO 3 (MY25),160,60.5,Lithium-ion,126.0,310.0,144,340,7.3,75.0,CCS,750.0,440,5,FWD,JC - Medium,4455,1875,1615,SUV,https://ev-database.org/car/3192/BYD-ATTO-3
60,BYD,DOLPHIN 44.9 kWh Active,150,44.9,Lithium-ion,104.0,180.0,132,265,12.3,50.0,CCS,0.0,345,5,FWD,C - Medium,4290,1770,1570,Hatchback,https://ev-database.org/car/1917/BYD-DOLPHIN-449-kWh-Active
62,BYD,DOLPHIN 60.4 kWh,160,60.5,Lithium-ion,126.0,310.0,142,350,7.0,65.0,CCS,0.0,345,5,FWD,C - Medium,4290,1770,1570,Hatchback,https://ev-database.org/car/1919/BYD-DOLPHIN-604-kWh
63,BYD,DOLPHIN SURF 30 kWh Active,150,30.0,Lithium-ion,94.0,175.0,136,190,11.1,45.0,CCS,0.0,308,4,FWD,B - Compact,3990,1720,1590,Hatchback,https://ev-database.org/car/3193/BYD-DOLPHIN-SURF-30-kWh-Active
64,BYD,DOLPHIN SURF 43.2 kWh Boost,150,43.2,Lithium-ion,90.0,175.0,134,270,12.1,60.0,CCS,0.0,308,4,FWD,B - Compact,3990,1720,1590,Hatchback,https://ev-database.org/car/3194/BYD-DOLPHIN-SURF-432-kWh-Boost
65,BYD,DOLPHIN SURF 43.2 kWh Comfort,150,43.2,Lithium-ion,90.0,220.0,139,265,9.1,60.0,CCS,0.0,308,4,FWD,B - Compact,3990,1720,1590,Hatchback,https://ev-database.org/car/3195/BYD-DOLPHIN-SURF-432-kWh-Comfort
66,BYD,SEAL 61.4 kWh RWD Comfort,220,61.4,Lithium-ion,128.0,380.0,133,365,7.5,75.0,CCS,750.0,400,5,RWD,D - Large,4800,1875,1460,Sedan,https://ev-database.org/car/3102/BYD-SEAL-614-kWh-RWD-Comfort
67,BYD,SEAL 82.5 kWh AWD Excellence,180,82.5,Lithium-ion,172.0,670.0,159,445,3.8,100.0,CCS,1500.0,400,5,AWD,D - Large,4800,1875,1460,Sedan,https://ev-database.org/car/2002/BYD-SEAL-825-kWh-AWD-Excellence
68,BYD,SEAL 82.5 kWh RWD Design,180,82.5,Lithium-ion,172.0,360.0,145,480,5.9,100.0,CCS,750.0,400,5,RWD,D - Large,4800,1875,1460,Sedan,https://ev-database.org/car/2001/BYD-SEAL-825-kWh-RWD-Design
69,BYD,SEAL U 71.8 kWh Comfort,175,71.8,Lithium-ion,132.0,310.0,171,360,9.3,72.0,CCS,1300.0,552,5,FWD,JD - Large,4785,1890,1668,SUV,https://ev-database.org/car/2094/BYD-SEAL-U-718-kWh-Comfort
70,BYD,SEAL U 87 kWh Design,175,87.0,Lithium-ion,160.0,330.0,174,425,9.6,85.0,CCS,1300.0,552,5,FWD,JD - Large,4785,1890,1668,SUV,https://ev-database.org/car/2067/BYD-SEAL-U-87-kWh-Design
71,BYD,SEALION 7 82.5 kWh AWD Design,215,82.5,Lithium-ion,172.0,690.0,181,400,4.5,115.0,CCS,1500.0,520,5,AWD,JD - Large,4830,1925,1620,SUV,https://ev-database.org/car/3071/BYD-SEALION-7-825-kWh-AWD-Design
72,BYD,SEALION 7 82.5 kWh RWD Comfort,215,82.5,Lithium-ion,172.0,380.0,171,415,6.7,115.0,CCS,750.0,520,5,RWD,JD - Large,4830,1925,1620,SUV,https://ev-database.org/car/3070/BYD-SEALION-7-825-kWh-RWD-Comfort
75,CUPRA,Born 170 kW - 59 kWh,160,59.0,Lithium-ion,216.0,310.0,156,360,6.7,110.0,CCS,0.0,385,5,RWD,C - Medium,4322,1809,1540,Hatchback,https://ev-database.org/car/2233/CUPRA-Born-170-kW---59-kWh
76,CUPRA,Born 170 kW - 77 kWh,160,77.0,Lithium-ion,288.0,310.0,157,460,7.0,125.0,CCS,0.0,385,5,RWD,C - Medium,4322,1809,1540,Hatchback,https://ev-database.org/car/2234/CUPRA-Born-170-kW---77-kWh
77,CUPRA,Born VZ,200,79.0,Lithium-ion,288.0,545.0,149,465,5.6,135.0,CCS,0.0,385,5,RWD,C - Medium,4322,1809,1538,Hatchback,https://ev-database.org/car/2128/CUPRA-Born-VZ
78,CUPRA,Tavascan Endurance,180,77.0,Lithium-ion,288.0,545.0,142,445,6.8,120.0,CCS,1000.0,540,5,RWD,JC - Medium,4644,1861,1597,SUV,https://ev-database.org/car/1971/CUPRA-Tavascan-Endurance
79,CUPRA,Tavascan VZ,180,77.0,Lithium-ion,288.0,545.0,150,425,5.5,120.0,CCS,1200.0,540,5,AWD,JC - Medium,4644,1861,1597,SUV,https://ev-database.org/car/1972/CUPRA-Tavascan-VZ
80,Cadillac,Lyriq 600 E4,210,102.0,Lithium-ion,288.0,610.0,192,460,5.3,165.0,CCS,1587.0,793,5,AWD,JF - Luxury,5005,1977,1623,SUV,https://ev-database.org/car/2243/Cadillac-Lyriq-600-E4
85,Citroen,e-C4,150,46.3,Lithium-ion,216.0,260.0,135,285,9.9,78.0,CCS,0.0,380,5,FWD,C - Medium,4360,1834,1525,Hatchback,https://ev-database.org/car/3047/Citroen-e-C4
86,Citroen,e-C4 54 kWh,150,50.8,Lithium-ion,102.0,260.0,122,325,9.1,78.0,CCS,0.0,380,5,FWD,C - Medium,4360,1834,1525,Hatchback,https://ev-database.org/car/3048/Citroen-e-C4-54-kWh
87,Citroen,e-C4 X,150,46.3,Lithium-ion,216.0,260.0,132,290,9.9,78.0,CCS,0.0,510,5,FWD,C - Medium,4600,1834,1525,Sedan,https://ev-database.org/car/3049/Citroen-e-C4-X
88,Citroen,e-C4 X 54 kWh,150,50.8,Lithium-ion,102.0,260.0,119,335,9.1,78.0,CCS,0.0,510,5,FWD,C - Medium,4600,1834,1525,Sedan,https://ev-database.org/car/3050/Citroen-e-C4-X-54-kWh
89,Citroen,e-SpaceTourer M 50 kWh,130,46.3,Lithium-ion,216.0,220.0,217,180,13.3,78.0,CCS,1000.0,603,9,FWD,N - Passenger Van,4983,1920,1890,Small Passenger Van,https://ev-database.org/car/2252/Citroen-e-SpaceTourer-M-50-kWh
90,Citroen,e-SpaceTourer M 75 kWh,130,68.0,Lithium-ion,324.0,220.0,202,260,14.2,79.0,CCS,1000.0,603,9,FWD,N - Passenger Van,4983,1920,1890,Small Passenger Van,https://ev-database.org/car/2254/Citroen-e-SpaceTourer-M-75-kWh
91,Citroen,e-SpaceTourer XL 50 kWh,130,46.3,Lithium-ion,216.0,220.0,219,180,13.3,78.0,CCS,1000.0,989,9,FWD,N - Passenger Van,5333,1920,1890,Small Passenger Van,https://ev-database.org/car/2253/Citroen-e-SpaceTourer-XL-50-kWh
92,Citroen,e-SpaceTourer XL 75 kWh,130,68.0,Lithium-ion,324.0,220.0,204,260,14.2,79.0,CCS,1000.0,989,9,FWD,N - Passenger Van,5333,1920,1890,Small Passenger Van,https://ev-database.org/car/2255/Citroen-e-SpaceTourer-XL-75-kWh
93,DS,3 E-Tense,150,50.8,Lithium-ion,102.0,260.0,128,300,9.0,85.0,CCS,0.0,350,5,FWD,JB - Compact,4118,1802,1534,SUV,https://ev-database.org/car/1791/DS-3-E-Tense
98,Dacia,Spring Electric 45,125,25.0,Lithium-ion,72.0,125.0,109,165,19.1,29.0,CCS,0.0,308,4,FWD,A - Mini,3700,1622,1516,Hatchback,https://ev-database.org/car/2126/Dacia-Spring-Electric-45
99,Dacia,Spring Electric 65,125,25.0,Lithium-ion,72.0,113.0,114,160,13.7,29.0,CCS,0.0,308,4,FWD,A - Mini,3700,1622,1516,Hatchback,https://ev-database.org/car/2127/Dacia-Spring-Electric-65
103,Fiat,500e 3+1 24 kWh,135,21.3,Lithium-ion,108.0,220.0,112,135,9.0,40.0,CCS,0.0,185,4,FWD,B - Compact,3631,1683,1529,Hatchback,https://ev-database.org/car/1726/Fiat-500e-3plus1-24-kWh
104,Fiat,500e 3+1 42 kWh,150,37.3,Lithium-ion,192.0,220.0,122,235,9.0,67.0,CCS,0.0,185,4,FWD,B - Compact,3631,1683,1529,Hatchback,https://ev-database.org/car/1328/Fiat-500e-3plus1-42-kWh
105,Fiat,500e Cabrio 24 kWh,135,21.3,Lithium-ion,108.0,220.0,112,135,9.0,40.0,CCS,0.0,185,4,FWD,B - Compact,3631,1683,1529,Cabriolet,https://ev-database.org/car/1727/Fiat-500e-Cabrio-24-kWh
106,Fiat,500e Cabrio 42 kWh,150,37.3,Lithium-ion,192.0,220.0,125,230,9.0,67.0,CCS,0.0,185,4,FWD,B - Compact,3631,1683,1529,Cabriolet,https://ev-database.org/car/1275/Fiat-500e-Cabrio-42-kWh
107,Fiat,500e Hatchback 24 kWh,135,21.3,Lithium-ion,108.0,220.0,112,135,9.0,40.0,CCS,0.0,185,4,FWD,B - Compact,3631,1683,1529,Hatchback,https://ev-database.org/car/1327/Fiat-500e-Hatchback-24-kWh
108,Fiat,500e Hatchback 42 kWh,150,37.3,Lithium-ion,192.0,220.0,118,235,9.0,67.0,CCS,0.0,185,4,FWD,B - Compact,3631,1683,1529,Hatchback,https://ev-database.org/car/1285/Fiat-500e-Hatchback-42-kWh
109,Fiat,600e,150,50.8,Lithium-ion,102.0,260.0,124,310,9.0,79.0,CCS,0.0,360,5,FWD,JB - Compact,4171,1781,1523,SUV,https://ev-database.org/car/1945/Fiat-600e
111,Ford,Capri Extended Range AWD,180,79.0,Lithium-ion,288.0,679.0,148,455,5.3,135.0,CCS,1200.0,572,5,AWD,D - Large,4643,1872,1626,Liftback Sedan,https://ev-database.org/car/2242/Ford-Capri-Extended-Range-AWD
112,Ford,Capri Extended Range RWD,180,77.0,Lithium-ion,288.0,545.0,135,455,6.4,120.0,CCS,1000.0,572,5,RWD,D - Large,4643,1872,1626,Liftback Sedan,https://ev-database.org/car/2241/Ford-Capri-Extended-Range-RWD
113,Ford,Capri Standard Range RWD,160,52.0,Lithium-ion,192.0,310.0,163,320,9.0,85.0,CCS,1000.0,572,5,RWD,D - Large,4643,1872,1626,Liftback Sedan,https://ev-database.org/car/2240/Ford-Capri-Standard-Range-RWD
114,Ford,Explorer Extended Range AWD,180,79.0,Lithium-ion,288.0,679.0,153,440,5.3,135.0,CCS,1200.0,536,5,AWD,JC - Medium,4468,1871,1639,SUV,https://ev-database.org/car/2169/Ford-Explorer-Extended-Range-AWD
115,Ford,Explorer Extended Range RWD,180,77.0,Lithium-ion,288.0,545.0,139,435,6.4,120.0,CCS,1000.0,536,5,RWD,JC - Medium,4468,1871,1630,SUV,https://ev-database.org/car/2168/Ford-Explorer-Extended-Range-RWD
116,Ford,Explorer Standard Range RWD,160,52.0,Lithium-ion,192.0,310.0,137,305,8.7,85.0,CCS,1000.0,536,5,RWD,JC - Medium,4468,1871,1630,SUV,https://ev-database.org/car/2167/Ford-Explorer-Standard-Range-RWD
118,Ford,Mustang Mach-E ER AWD (MY24),180,91.0,Lithium-ion,376.0,675.0,165,445,4.6,115.0,CCS,1500.0,519,5,AWD,JD - Large,4713,1881,1624,SUV,https://ev-database.org/car/2279/Ford-Mustang-Mach-E-ER-AWD
120,Ford,Mustang Mach-E ER RWD (MY24),180,91.0,Lithium-ion,376.0,525.0,152,480,5.9,115.0,CCS,1500.0,519,5,RWD,JD - Large,4713,1881,1624,SUV,https://ev-database.org/car/2278/Ford-Mustang-Mach-E-ER-RWD
121,Ford,Mustang Mach-E GT (MY24),200,91.0,Lithium-ion,376.0,950.0,177,425,3.8,115.0,CCS,750.0,519,5,AWD,JD - Large,4743,1881,1613,SUV,https://ev-database.org/car/2280/Ford-Mustang-Mach-E-GT
122,Ford,Mustang Mach-E GT (MY25),200,91.0,Lithium-ion,376.0,950.0,177,435,3.8,115.0,CCS,750.0,519,5,AWD,JD - Large,4743,1881,1613,SUV,https://ev-database.org/car/3190/Ford-Mustang-Mach-E-GT
123,Ford,Mustang Mach-E Rally (MY25),200,91.0,Lithium-ion,376.0,950.0,178,415,3.9,115.0,CCS,750.0,519,5,AWD,JD - Large,4743,1881,1633,SUV,https://ev-database.org/car/3191/Ford-Mustang-Mach-E-Rally
124,Ford,Mustang Mach-E Rally (MY24),200,91.0,Lithium-ion,376.0,950.0,178,410,3.9,115.0,CCS,750.0,519,5,AWD,JD - Large,4743,1881,1633,SUV,https://ev-database.org/car/2275/Ford-Mustang-Mach-E-Rally
140,Genesis,GV60 Premium,185,74.0,Lithium-ion,384.0,350.0,143,390,7.8,200.0,CCS,1600.0,432,5,RWD,JC - Medium,4515,1890,1580,SUV,https://ev-database.org/car/1647/Genesis-GV60-Premium
141,Genesis,GV60 Sport,200,74.0,Lithium-ion,384.0,605.0,157,375,5.5,200.0,CCS,1600.0,432,5,AWD,JC - Medium,4515,1890,1580,SUV,https://ev-database.org/car/1648/Genesis-GV60-Sport
142,Genesis,GV60 Sport Plus,235,74.0,Lithium-ion,384.0,700.0,159,360,4.0,200.0,CCS,1600.0,432,5,AWD,JC - Medium,4515,1890,1580,SUV,https://ev-database.org/car/1649/Genesis-GV60-Sport-Plus
143,Genesis,GV70 Electrified Sport,235,74.0,Lithium-ion,384.0,700.0,163,350,4.2,190.0,CCS,1800.0,503,5,AWD,JD - Large,4715,1910,1630,SUV,https://ev-database.org/car/1725/Genesis-GV70-Electrified-Sport
150,Hyundai,IONIQ 5 63 kWh RWD (MY24),185,60.0,Lithium-ion,288.0,350.0,136,345,8.5,150.0,CCS,750.0,520,5,RWD,JC - Medium,4655,1890,1605,SUV,https://ev-database.org/car/2235/Hyundai-IONIQ-5-63-kWh-RWD
151,Hyundai,IONIQ 5 84 kWh AWD (MY24),185,80.0,Lithium-ion,384.0,605.0,162,445,5.3,205.0,CCS,1600.0,520,5,AWD,JC - Medium,4655,1890,1605,SUV,https://ev-database.org/car/2237/Hyundai-IONIQ-5-84-kWh-AWD
152,Hyundai,IONIQ 5 84 kWh RWD (MY24),185,80.0,Lithium-ion,384.0,350.0,155,450,7.5,205.0,CCS,1600.0,520,5,RWD,JC - Medium,4655,1890,1605,SUV,https://ev-database.org/car/2236/Hyundai-IONIQ-5-84-kWh-RWD
153,Hyundai,IONIQ 5 N (MY24),260,80.0,Lithium-ion,384.0,740.0,179,390,3.4,205.0,CCS,0.0,480,5,AWD,JC - Medium,4715,1940,1585,SUV,https://ev-database.org/car/2044/Hyundai-IONIQ-5-N
154,Hyundai,IONIQ 6 Long Range 2WD,185,74.0,Lithium-ion,384.0,350.0,136,495,7.4,200.0,CCS,1500.0,401,5,RWD,D - Large,4855,1880,1495,Sedan,https://ev-database.org/car/1718/Hyundai-IONIQ-6-Long-Range-2WD
155,Hyundai,IONIQ 6 Long Range AWD,185,74.0,Lithium-ion,384.0,605.0,143,440,5.1,200.0,CCS,1500.0,401,5,AWD,D - Large,4855,1880,1495,Sedan,https://ev-database.org/car/1719/Hyundai-IONIQ-6-Long-Range-AWD
156,Hyundai,IONIQ 6 Standard Range 2WD,185,50.0,Lithium-ion,264.0,350.0,117,335,8.8,120.0,CCS,750.0,401,5,RWD,D - Large,4855,1880,1495,Sedan,https://ev-database.org/car/1717/Hyundai-IONIQ-6-Standard-Range-2WD
162,Jaguar,I-Pace EV400,200,84.7,Lithium-ion,432.0,696.0,208,380,4.8,85.0,CCS,750.0,505,5,AWD,JD - Large,4682,2011,1566,SUV,https://ev-database.org/car/1812/Jaguar-I-Pace-EV400
163,Jeep,Avenger Electric,150,50.8,Lithium-ion,102.0,260.0,132,310,9.0,85.0,CCS,0.0,355,5,FWD,JB - Compact,4084,1776,1528,SUV,https://ev-database.org/car/1816/Jeep-Avenger-Electric
172,Kia,EV6 GT,260,80.0,Lithium-ion,384.0,770.0,178,385,3.5,205.0,CCS,1800.0,480,5,AWD,JC - Medium,4695,1890,1545,SUV,https://ev-database.org/car/3079/Kia-EV6-GT
173,Kia,EV6 Long Range 2WD,185,80.0,Lithium-ion,384.0,350.0,143,455,7.3,205.0,CCS,1800.0,490,5,RWD,JC - Medium,4695,1880,1575,SUV,https://ev-database.org/car/3028/Kia-EV6-Long-Range-2WD
174,Kia,EV6 Long Range AWD,185,80.0,Lithium-ion,384.0,605.0,154,440,5.2,205.0,CCS,1800.0,490,5,AWD,JC - Medium,4695,1880,1575,SUV,https://ev-database.org/car/3029/Kia-EV6-Long-Range-AWD
175,Kia,EV6 Standard Range 2WD,185,60.0,Lithium-ion,288.0,350.0,140,345,8.7,150.0,CCS,750.0,490,5,RWD,JC - Medium,4695,1880,1575,SUV,https://ev-database.org/car/3030/Kia-EV6-Standard-Range-2WD
176,Kia,EV9 76.1 kWh RWD,190,73.0,Lithium-ion,348.0,350.0,165,355,8.5,160.0,CCS,900.0,333,7,RWD,JF - Luxury,5010,1980,1755,SUV,https://ev-database.org/car/1833/Kia-EV9-761-kWh-RWD
177,Kia,EV9 99.8 kWh AWD,200,96.0,Lithium-ion,456.0,600.0,188,435,6.0,194.0,CCS,2500.0,333,7,AWD,JF - Luxury,5010,1980,1755,SUV,https://ev-database.org/car/1835/Kia-EV9-998-kWh-AWD
178,Kia,EV9 99.8 kWh AWD GT,220,96.0,Lithium-ion,456.0,740.0,190,420,4.6,194.0,CCS,2500.0,333,7,AWD,JF - Luxury,5015,1980,1755,SUV,https://ev-database.org/car/3196/Kia-EV9-998-kWh-AWD-GT
179,Kia,EV9 99.8 kWh AWD GT-Line,200,96.0,Lithium-ion,456.0,700.0,190,425,5.3,194.0,CCS,2500.0,333,7,AWD,JF - Luxury,5015,1980,1780,SUV,https://ev-database.org/car/1993/Kia-EV9-998-kWh-AWD-GT-Line
180,Kia,EV9 99.8 kWh RWD,185,96.0,Lithium-ion,456.0,350.0,171,450,9.4,194.0,CCS,900.0,333,7,RWD,JF - Luxury,5010,1980,1755,SUV,https://ev-database.org/car/1834/Kia-EV9-998-kWh-RWD
181,Kia,Niro EV,167,64.8,Lithium-ion,96.0,255.0,140,385,7.8,70.0,CCS,750.0,475,5,FWD,JC - Medium,4420,1825,1570,SUV,https://ev-database.org/car/1666/Kia-Niro-EV
182,Lancia,Ypsilon,150,48.1,Lithium-ion,96.0,260.0,122,310,8.2,80.0,CCS,0.0,309,5,FWD,B - Compact,4080,1760,1440,Hatchback,https://ev-database.org/car/2117/Lancia-Ypsilon
185,Lexus,RZ 300e,160,64.0,Lithium-ion,96.0,266.0,149,365,8.0,100.0,CCS,750.0,522,5,FWD,JC - Medium,4690,1860,1600,SUV,https://ev-database.org/car/3027/Lexus-RZ-300e
186,Lexus,RZ 450e,160,64.0,Lithium-ion,96.0,435.0,158,350,5.6,100.0,CCS,750.0,522,5,AWD,JD - Large,4805,1895,1635,SUV,https://ev-database.org/car/1677/Lexus-RZ-450e
187,Lexus,UX 300e,160,64.0,Lithium-ion,96.0,300.0,145,340,7.5,35.0,CHAdeMO,0.0,316,5,FWD,JC - Medium,4495,1840,1545,SUV,https://ev-database.org/car/1943/Lexus-UX-300e
194,Lucid,Air Grand Touring,270,112.0,Lithium-ion,6600.0,1200.0,143,665,3.0,184.0,CCS,0.0,456,5,AWD,F - Luxury,4975,1939,1410,Sedan,https://ev-database.org/car/1316/Lucid-Air-Grand-Touring
200,MG,4 Electric 51 kWh,160,50.8,Lithium-ion,104.0,250.0,145,300,7.7,68.0,CCS,500.0,363,5,RWD,C - Medium,4287,1836,1504,Hatchback,https://ev-database.org/car/1707/MG-MG4-Electric-51-kWh
201,MG,4 Electric 64 kWh,160,61.7,Lithium-ion,104.0,250.0,142,360,7.9,116.0,CCS,500.0,363,5,RWD,C - Medium,4287,1836,1504,Hatchback,https://ev-database.org/car/1708/MG-MG4-Electric-64-kWh
203,MG,4 Electric XPOWER,200,61.7,Lithium-ion,104.0,600.0,160,320,3.8,116.0,CCS,500.0,363,5,AWD,C - Medium,4287,1836,1516,Hatchback,https://ev-database.org/car/1944/MG-MG4-Electric-XPOWER
218,Mercedes-Benz,EQA 250,160,66.5,Lithium-ion,300.0,385.0,146,395,8.6,100.0,CCS,1500.0,340,5,FWD,JC - Medium,4463,1834,1620,SUV,https://ev-database.org/car/1984/Mercedes-Benz-EQA-250
220,Mercedes-Benz,EQA 300 4MATIC,160,66.5,Lithium-ion,300.0,390.0,162,350,7.7,100.0,CCS,1800.0,340,5,AWD,JC - Medium,4463,1834,1620,SUV,https://ev-database.org/car/1986/Mercedes-Benz-EQA-300-4MATIC
221,Mercedes-Benz,EQA 350 4MATIC,160,66.5,Lithium-ion,300.0,520.0,162,350,6.0,100.0,CCS,1800.0,340,5,AWD,JC - Medium,4463,1834,1620,SUV,https://ev-database.org/car/1987/Mercedes-Benz-EQA-350-4MATIC
223,Mercedes-Benz,EQB 300 4MATIC,160,66.5,Lithium-ion,300.0,390.0,168,345,8.0,100.0,CCS,1700.0,495,7,AWD,JC - Medium,4684,1834,1667,SUV,https://ev-database.org/car/1989/Mercedes-Benz-EQB-300-4MATIC
224,Mercedes-Benz,EQB 350 4MATIC,160,66.5,Lithium-ion,300.0,520.0,168,345,6.2,100.0,CCS,1700.0,495,7,AWD,JC - Medium,4684,1834,1667,SUV,https://ev-database.org/car/1990/Mercedes-Benz-EQB-350-4MATIC
226,Mercedes-Benz,EQE 350 4MATIC,210,90.6,Lithium-ion,360.0,765.0,173,515,6.3,141.0,CCS,1700.0,430,5,AWD,E - Executive,4946,1906,1503,Sedan,https://ev-database.org/car/2206/Mercedes-Benz-EQE-350-4MATIC
228,Mercedes-Benz,EQE 500 4MATIC,210,90.6,Lithium-ion,360.0,858.0,173,505,4.7,141.0,CCS,1700.0,430,5,AWD,E - Executive,4946,1906,1503,Sedan,https://ev-database.org/car/2207/Mercedes-Benz-EQE-500-4MATIC
229,Mercedes-Benz,EQE AMG 43 4MATIC,210,90.6,Lithium-ion,360.0,858.0,207,450,4.2,141.0,CCS,1700.0,430,5,AWD,E - Executive,4964,1906,1495,Sedan,https://ev-database.org/car/2208/Mercedes-Benz-EQE-AMG-43-4MATIC
230,Mercedes-Benz,EQE AMG 53 4MATIC+,220,90.6,Lithium-ion,360.0,950.0,208,450,3.5,141.0,CCS,1700.0,430,5,AWD,E - Executive,4964,1906,1495,Sedan,https://ev-database.org/car/2209/Mercedes-Benz-EQE-AMG-53-4MATICplus
235,Mercedes-Benz,EQE SUV AMG 43 4MATIC,210,90.6,Lithium-ion,360.0,858.0,214,425,4.3,141.0,CCS,1800.0,520,5,AWD,JE - Executive,4879,1940,1672,SUV,https://ev-database.org/car/1763/Mercedes-Benz-EQE-SUV-AMG-43-4MATIC
236,Mercedes-Benz,EQE SUV AMG 53 4MATIC+,240,90.6,Lithium-ion,360.0,1000.0,242,420,3.5,141.0,CCS,1800.0,520,5,AWD,JE - Executive,4879,1940,1672,SUV,https://ev-database.org/car/1764/Mercedes-Benz-EQE-SUV-AMG-53-4MATICplus
237,Mercedes-Benz,EQS 350,210,96.0,Lithium-ion,360.0,565.0,165,570,6.7,130.0,CCS,750.0,620,5,RWD,F - Luxury,5223,1926,1512,Sedan,https://ev-database.org/car/2155/Mercedes-Benz-EQS-350
250,Mercedes-Benz,EQV 250 Extra-Long,160,60.0,Lithium-ion,192.0,365.0,282,210,12.0,60.0,CCS,0.0,1410,7,FWD,N - Passenger Van,5370,1928,1911,Small Passenger Van,https://ev-database.org/car/2130/Mercedes-Benz-EQV-250-Extra-Long
251,Mercedes-Benz,EQV 250 Long,160,60.0,Lithium-ion,192.0,365.0,282,215,12.0,60.0,CCS,0.0,1030,7,FWD,N - Passenger Van,5140,1928,1910,Small Passenger Van,https://ev-database.org/car/2129/Mercedes-Benz-EQV-250-Long
252,Mercedes-Benz,EQV 300 Extra-Long,140,90.0,Lithium-ion,288.0,365.0,249,315,12.2,96.0,CCS,0.0,1410,7,FWD,N - Passenger Van,5370,1928,1901,Small Passenger Van,https://ev-database.org/car/2274/Mercedes-Benz-EQV-300-Extra-Long
253,Mercedes-Benz,EQV 300 Long,160,90.0,Lithium-ion,288.0,365.0,276,320,12.1,96.0,CCS,0.0,1030,7,FWD,N - Passenger Van,5140,1928,1901,Small Passenger Van,https://ev-database.org/car/2131/Mercedes-Benz-EQV-300-Long
254,Mercedes-Benz,G 580,180,116.0,Lithium-ion,216.0,1164.0,267,360,4.7,150.0,CCS,0.0,555,5,AWD,JF - Luxury,4624,1931,1986,SUV,https://ev-database.org/car/2192/Mercedes-Benz-G-580
255,Mercedes-Benz,eVito Tourer Extra-Long 60 kWh,160,60.0,Lithium-ion,192.0,360.0,254,215,12.0,60.0,CCS,0.0,1390,8,FWD,N - Passenger Van,5370,1928,1890,Small Passenger Van,https://ev-database.org/car/2139/Mercedes-Benz-eVito-Tourer-Extra-Long-60-kWh
256,Mercedes-Benz,eVito Tourer Long 60 kWh,160,60.0,Lithium-ion,192.0,360.0,259,220,12.0,60.0,CCS,0.0,990,8,FWD,N - Passenger Van,5140,1928,1890,Small Passenger Van,https://ev-database.org/car/2138/Mercedes-Benz-eVito-Tourer-Long-60-kWh
257,Mercedes-Benz,eVito Tourer Long 90 kWh,160,90.0,Lithium-ion,288.0,360.0,260,325,12.1,96.0,CCS,0.0,990,8,FWD,N - Passenger Van,5140,1928,1890,Small Passenger Van,https://ev-database.org/car/2140/Mercedes-Benz-eVito-Tourer-Long-90-kWh
266,NIO,EL6 Long Range,200,90.0,Lithium-ion,96.0,700.0,170,435,4.5,135.0,CCS,1200.0,579,5,AWD,JE - Executive,4854,1995,1703,SUV,https://ev-database.org/car/1922/NIO-EL6-Long-Range
267,NIO,EL6 Standard Range,200,73.5,Lithium-ion,118.0,700.0,181,365,4.5,110.0,CCS,1200.0,579,5,AWD,JE - Executive,4854,1995,1703,SUV,https://ev-database.org/car/1921/NIO-EL6-Standard-Range
268,NIO,EL7 Long Range,200,90.0,Lithium-ion,96.0,850.0,185,430,3.9,100.0,CCS,2000.0,570,5,AWD,JF - Luxury,4912,1987,1720,SUV,https://ev-database.org/car/1789/NIO-EL7-Long-Range
269,NIO,EL7 Standard Range,200,73.5,Lithium-ion,118.0,850.0,198,355,3.9,110.0,CCS,2000.0,570,5,AWD,JF - Luxury,4912,1987,1720,SUV,https://ev-database.org/car/1788/NIO-EL7-Standard-Range
270,NIO,EL8 Long Range,200,90.0,Lithium-ion,96.0,850.0,185,440,4.1,190.0,CCS,2000.0,265,6,AWD,JF - Luxury,5099,1989,1750,SUV,https://ev-database.org/car/2223/NIO-EL8-Long-Range
271,NIO,EL8 Standard Range,200,73.5,Lithium-ion,118.0,850.0,196,360,4.1,110.0,CCS,2000.0,265,6,AWD,JF - Luxury,5099,1989,1750,SUV,https://ev-database.org/car/2222/NIO-EL8-Standard-Range
272,NIO,ET5 Long Range,200,90.0,Lithium-ion,96.0,700.0,167,500,4.0,100.0,CCS,1400.0,386,5,AWD,E - Executive,4790,1960,1499,Sedan,https://ev-database.org/car/1787/NIO-ET5-Long-Range
273,NIO,ET5 Standard Range,200,73.5,Lithium-ion,118.0,700.0,175,410,4.0,110.0,CCS,1400.0,386,5,AWD,E - Executive,4790,1960,1499,Sedan,https://ev-database.org/car/1786/NIO-ET5-Standard-Range
274,NIO,ET5 Touring Long Range,200,90.0,Lithium-ion,96.0,700.0,178,485,4.0,135.0,CCS,1400.0,450,5,AWD,E - Executive,4790,1960,1499,Station/Estate,https://ev-database.org/car/1916/NIO-ET5-Touring-Long-Range
275,NIO,ET5 Touring Standard Range,200,73.5,Lithium-ion,118.0,700.0,169,400,4.0,110.0,CCS,1400.0,450,5,AWD,E - Executive,4790,1960,1499,Station/Estate,https://ev-database.org/car/1915/NIO-ET5-Touring-Standard-Range
276,NIO,ET7 Long Range,200,90.0,Lithium-ion,96.0,850.0,178,505,3.8,100.0,CCS,2000.0,363,5,AWD,F - Luxury,5101,1987,1509,Sedan,https://ev-database.org/car/1752/NIO-ET7-Long-Range
277,NIO,ET7 Standard Range,200,73.5,Lithium-ion,118.0,850.0,191,415,3.8,110.0,CCS,2000.0,363,5,AWD,F - Luxury,5101,1987,1509,Sedan,https://ev-database.org/car/1751/NIO-ET7-Standard-Range
285,Opel,Astra Electric,170,50.8,Lithium-ion,102.0,270.0,128,320,9.2,85.0,CCS,0.0,352,5,FWD,C - Medium,4374,1860,1470,Hatchback,https://ev-database.org/car/1792/Opel-Astra-Electric
286,Opel,Astra Sports Tourer Electric,170,50.8,Lithium-ion,102.0,270.0,123,310,9.3,85.0,CCS,0.0,516,5,FWD,C - Medium,4642,1860,1480,Station/Estate,https://ev-database.org/car/1793/Opel-Astra-Sports-Tourer-Electric
289,Opel,Corsa Electric 50 kWh,150,46.3,Lithium-ion,216.0,260.0,131,290,8.7,78.0,CCS,0.0,267,5,FWD,B - Compact,4061,1765,1435,Hatchback,https://ev-database.org/car/1941/Opel-Corsa-Electric-50-kWh
290,Opel,Corsa Electric 51 kWh,150,48.1,Lithium-ion,96.0,260.0,120,315,8.1,80.0,CCS,0.0,267,5,FWD,B - Compact,4061,1765,1435,Hatchback,https://ev-database.org/car/1942/Opel-Corsa-Electric-51-kWh
292,Opel,Grandland 73 kWh,170,73.0,Lithium-ion,96.0,260.0,145,365,9.0,90.0,CCS,1200.0,550,5,FWD,JC - Medium,4650,1934,1665,SUV,https://ev-database.org/car/3037/Opel-Grandland-73-kWh
294,Opel,Mokka Electric,150,50.8,Lithium-ion,102.0,260.0,126,285,9.0,85.0,CCS,0.0,310,5,FWD,JB - Compact,4151,1790,1534,SUV,https://ev-database.org/car/3051/Opel-Mokka-Electric
295,Opel,Zafira-e Life L2 50 kWh,130,46.3,Lithium-ion,216.0,270.0,217,180,13.3,78.0,CCS,1000.0,603,9,FWD,N - Passenger Van,4983,1920,1890,Small Passenger Van,https://ev-database.org/car/2260/Opel-Zafira-e-Life-L2-50-kWh
296,Opel,Zafira-e Life L2 75 kWh,130,68.0,Lithium-ion,324.0,270.0,202,260,14.2,79.0,CCS,1000.0,603,9,FWD,N - Passenger Van,4983,1920,1890,Small Passenger Van,https://ev-database.org/car/2262/Opel-Zafira-e-Life-L2-75-kWh
297,Opel,Zafira-e Life L3 50 kWh,130,46.3,Lithium-ion,216.0,270.0,219,180,13.3,78.0,CCS,1000.0,989,9,FWD,N - Passenger Van,5333,1920,1890,Small Passenger Van,https://ev-database.org/car/2261/Opel-Zafira-e-Life-L3-50-kWh
298,Opel,Zafira-e Life L3 75 kWh,130,68.0,Lithium-ion,324.0,260.0,204,260,14.2,79.0,CCS,1000.0,989,9,FWD,N - Passenger Van,5333,1920,1890,Small Passenger Van,https://ev-database.org/car/2263/Opel-Zafira-e-Life-L3-75-kWh
299,Peugeot,e-2008 50 kWh,150,46.3,Lithium-ion,216.0,260.0,136,270,9.9,78.0,CCS,0.0,434,5,FWD,JB - Compact,4304,1775,1523,SUV,https://ev-database.org/car/1946/Peugeot-e-2008-50-kWh
300,Peugeot,e-2008 54 kWh,150,50.8,Lithium-ion,102.0,260.0,125,300,9.1,85.0,CCS,0.0,434,5,FWD,JB - Compact,4304,1775,1523,SUV,https://ev-database.org/car/1947/Peugeot-e-2008-54-kWh
301,Peugeot,e-208 50 kWh,150,46.3,Lithium-ion,216.0,260.0,132,290,9.0,78.0,CCS,0.0,265,5,FWD,B - Compact,4055,1765,1430,Hatchback,https://ev-database.org/car/1948/Peugeot-e-208-50-kWh
302,Peugeot,e-208 51 kWh,150,48.1,Lithium-ion,96.0,260.0,120,310,8.2,80.0,CCS,0.0,265,5,FWD,B - Compact,4055,1765,1430,Hatchback,https://ev-database.org/car/1949/Peugeot-e-208-51-kWh
303,Peugeot,e-3008 73 kWh,170,73.0,Lithium-ion,96.0,345.0,143,380,8.8,90.0,CCS,1250.0,588,5,FWD,JC - Medium,4542,1895,1641,SUV,https://ev-database.org/car/2003/Peugeot-e-3008-73-kWh
306,Peugeot,e-308,170,50.8,Lithium-ion,102.0,260.0,124,300,9.8,80.0,CCS,0.0,412,5,FWD,C - Medium,4367,1852,1441,Hatchback,https://ev-database.org/car/1744/Peugeot-e-308
309,Peugeot,e-5008 73 kWh,170,73.0,Lithium-ion,96.0,345.0,150,370,9.7,90.0,CCS,1000.0,348,7,FWD,JD - Large,4791,1895,1694,SUV,https://ev-database.org/car/2149/Peugeot-e-5008-73-kWh
314,Peugeot,e-Traveller L2 50 kWh,130,46.3,Lithium-ion,216.0,270.0,217,180,13.3,78.0,CCS,1000.0,603,9,FWD,N - Passenger Van,4983,1920,1890,Small Passenger Van,https://ev-database.org/car/2256/Peugeot-e-Traveller-L2-50-kWh
315,Peugeot,e-Traveller L2 75 kWh,130,68.0,Lithium-ion,324.0,270.0,202,260,14.2,79.0,CCS,1000.0,603,9,FWD,N - Passenger Van,4983,1920,1890,Small Passenger Van,https://ev-database.org/car/2258/Peugeot-e-Traveller-L2-75-kWh
316,Peugeot,e-Traveller L3 50 kWh,130,46.3,Lithium-ion,216.0,270.0,219,180,13.3,78.0,CCS,1000.0,989,9,FWD,N - Passenger Van,5333,1920,1890,Small Passenger Van,https://ev-database.org/car/2257/Peugeot-e-Traveller-L3-50-kWh
317,Peugeot,e-Traveller L3 75 kWh,130,68.0,Lithium-ion,324.0,270.0,204,260,14.2,79.0,CCS,1000.0,989,9,FWD,N - Passenger Van,5333,1920,1890,Small Passenger Van,https://ev-database.org/car/2259/Peugeot-e-Traveller-L3-75-kWh
318,Polestar,2 Long Range Dual Motor (MY26),205,79.0,Lithium-ion,324.0,740.0,142,455,4.5,125.0,CCS,1500.0,407,5,AWD,D - Large,4606,1859,1479,Liftback Sedan,https://ev-database.org/car/3152/Polestar-2-Long-Range-Dual-Motor
319,Polestar,2 Long Range Performance (MY26),205,79.0,Lithium-ion,324.0,740.0,142,450,4.2,125.0,CCS,1500.0,407,5,AWD,D - Large,4606,1859,1473,Liftback Sedan,https://ev-database.org/car/3153/Polestar-2-Long-Range-Performance
320,Polestar,2 Long Range Single Motor (MY26),205,79.0,Lithium-ion,324.0,490.0,130,475,6.2,125.0,CCS,1500.0,407,5,RWD,D - Large,4606,1859,1479,Liftback Sedan,https://ev-database.org/car/3151/Polestar-2-Long-Range-Single-Motor
322,Polestar,3 Long Range Dual motor,210,107.0,Lithium-ion,204.0,840.0,183,515,5.0,150.0,CCS,2200.0,484,5,AWD,JE - Executive,4900,1968,1614,SUV,https://ev-database.org/car/1758/Polestar-3-Long-Range-Dual-motor
323,Polestar,3 Long Range Performance,210,107.0,Lithium-ion,204.0,910.0,194,495,4.7,150.0,CCS,2200.0,484,5,AWD,JE - Executive,4900,1968,1614,SUV,https://ev-database.org/car/1759/Polestar-3-Long-Range-Performance
324,Polestar,3 Long Range Single motor,180,107.0,Lithium-ion,204.0,490.0,166,530,7.8,150.0,CCS,1500.0,484,5,RWD,JE - Executive,4900,1968,1614,SUV,https://ev-database.org/car/2229/Polestar-3-Long-Range-Single-motor
325,Polestar,4 Long Range Dual Motor,200,94.0,Lithium-ion,110.0,686.0,165,485,3.8,135.0,CCS,2000.0,526,5,AWD,E - Executive,4839,2008,1544,Liftback Sedan,https://ev-database.org/car/1842/Polestar-4-Long-Range-Dual-Motor
326,Polestar,4 Long Range Single Motor,180,94.0,Lithium-ion,110.0,343.0,157,495,7.4,135.0,CCS,1500.0,526,5,RWD,E - Executive,4839,2008,1544,Liftback Sedan,https://ev-database.org/car/1841/Polestar-4-Long-Range-Single-Motor
327,Porsche,Macan 4 Electric,220,95.0,Lithium-ion,180.0,650.0,184,470,5.2,200.0,CCS,2000.0,540,5,AWD,JD - Large,4784,1938,1622,SUV,https://ev-database.org/car/2084/Porsche-Macan-4-Electric
328,Porsche,Macan 4S Electric,240,95.0,Lithium-ion,180.0,820.0,186,470,4.1,200.0,CCS,2000.0,540,5,AWD,JD - Large,4784,1938,1622,SUV,https://ev-database.org/car/2244/Porsche-Macan-4S-Electric
329,Porsche,Macan Electric,220,95.0,Lithium-ion,180.0,563.0,177,495,5.7,200.0,CCS,2000.0,540,5,RWD,JD - Large,4784,1938,1623,SUV,https://ev-database.org/car/2083/Porsche-Macan-Electric
330,Porsche,Macan Turbo Electric,260,95.0,Lithium-ion,180.0,1001.0,183,460,3.3,200.0,CCS,2000.0,480,5,AWD,JD - Large,4784,1938,1621,SUV,https://ev-database.org/car/2085/Porsche-Macan-Turbo-Electric
333,Porsche,Taycan 4 Cross Turismo,220,97.0,Lithium-ion,396.0,610.0,188,510,4.7,281.0,CCS,0.0,446,5,AWD,F - Luxury,4974,1967,1409,Station/Estate,https://ev-database.org/car/2110/Porsche-Taycan-4-Cross-Turismo
334,Porsche,Taycan 4 Plus,230,97.0,Lithium-ion,396.0,610.0,175,565,4.6,281.0,CCS,0.0,407,5,AWD,F - Luxury,4963,1966,1379,Sedan,https://ev-database.org/car/3061/Porsche-Taycan-4-Plus
336,Porsche,Taycan 4S Cross Turismo,240,97.0,Lithium-ion,396.0,710.0,188,510,3.8,281.0,CCS,0.0,446,5,AWD,F - Luxury,4974,1967,1409,Station/Estate,https://ev-database.org/car/2111/Porsche-Taycan-4S-Cross-Turismo
337,Porsche,Taycan 4S Plus,250,97.0,Lithium-ion,396.0,710.0,177,565,3.7,281.0,CCS,0.0,407,5,AWD,F - Luxury,4963,1966,1379,Sedan,https://ev-database.org/car/2101/Porsche-Taycan-4S-Plus
338,Porsche,Taycan 4S Plus Sport Turismo,250,97.0,Lithium-ion,396.0,710.0,186,510,3.7,281.0,CCS,0.0,446,5,AWD,F - Luxury,4963,1966,1390,Station/Estate,https://ev-database.org/car/2107/Porsche-Taycan-4S-Plus-Sport-Turismo
340,Porsche,Taycan GTS,250,97.0,Lithium-ion,396.0,790.0,176,535,3.3,281.0,CCS,0.0,366,5,AWD,F - Luxury,4963,1966,1381,Sedan,https://ev-database.org/car/3062/Porsche-Taycan-GTS
341,Porsche,Taycan GTS Sport Turismo,250,97.0,Lithium-ion,396.0,790.0,185,505,3.3,281.0,CCS,0.0,405,5,AWD,F - Luxury,4963,1966,1392,Station/Estate,https://ev-database.org/car/3063/Porsche-Taycan-GTS-Sport-Turismo
342,Porsche,Taycan Plus,230,97.0,Lithium-ion,396.0,420.0,168,575,4.8,281.0,CCS,0.0,407,5,RWD,F - Luxury,4963,1966,1379,Sedan,https://ev-database.org/car/2099/Porsche-Taycan-Plus
343,Porsche,Taycan Plus Sport Turismo,230,97.0,Lithium-ion,396.0,420.0,176,530,4.8,281.0,CCS,0.0,446,5,RWD,F - Luxury,4963,1966,1390,Station/Estate,https://ev-database.org/car/2105/Porsche-Taycan-Plus-Sport-Turismo
345,Porsche,Taycan Turbo,260,97.0,Lithium-ion,396.0,940.0,174,535,2.7,281.0,CCS,0.0,366,5,AWD,F - Luxury,4963,1966,1379,Sedan,https://ev-database.org/car/2102/Porsche-Taycan-Turbo
346,Porsche,Taycan Turbo Cross Turismo,250,97.0,Lithium-ion,396.0,940.0,188,495,2.8,281.0,CCS,0.0,405,5,AWD,F - Luxury,4974,1967,1412,Station/Estate,https://ev-database.org/car/2112/Porsche-Taycan-Turbo-Cross-Turismo
347,Porsche,Taycan Turbo GT,290,97.0,Lithium-ion,396.0,1340.0,184,475,2.3,281.0,CCS,0.0,326,5,AWD,F - Luxury,4968,1966,1378,Sedan,https://ev-database.org/car/2144/Porsche-Taycan-Turbo-GT
348,Porsche,Taycan Turbo GT Weissach,305,97.0,Lithium-ion,396.0,1340.0,180,475,2.2,281.0,CCS,0.0,367,2,AWD,F - Luxury,4968,1966,1378,Sedan,https://ev-database.org/car/2145/Porsche-Taycan-Turbo-GT-Weissach
349,Porsche,Taycan Turbo S,260,97.0,Lithium-ion,396.0,1110.0,174,525,2.4,281.0,CCS,0.0,366,5,AWD,F - Luxury,4963,1966,1378,Sedan,https://ev-database.org/car/2103/Porsche-Taycan-Turbo-S
350,Porsche,Taycan Turbo S Cross Turismo,250,97.0,Lithium-ion,396.0,1110.0,188,485,2.5,281.0,CCS,0.0,405,5,AWD,F - Luxury,4974,1967,1407,Station/Estate,https://ev-database.org/car/2113/Porsche-Taycan-Turbo-S-Cross-Turismo
351,Porsche,Taycan Turbo S Sport Turismo,260,97.0,Lithium-ion,396.0,1110.0,183,505,2.4,281.0,CCS,0.0,405,5,AWD,F - Luxury,4963,1966,1388,Station/Estate,https://ev-database.org/car/2109/Porsche-Taycan-Turbo-S-Sport-Turismo
352,Porsche,Taycan Turbo Sport Turismo,260,97.0,Lithium-ion,396.0,940.0,184,505,2.7,281.0,CCS,0.0,405,5,AWD,F - Luxury,4963,1966,1392,Station/Estate,https://ev-database.org/car/2108/Porsche-Taycan-Turbo-Sport-Turismo
353,Renault,4 E-Tech 40kWh 120hp,150,40.0,Lithium-ion,93.0,225.0,124,245,9.2,55.0,CCS,750.0,420,5,FWD,JB - Compact,4143,1796,1552,SUV,https://ev-database.org/car/3126/Renault-4-E-Tech-40kWh-120hp
354,Renault,4 E-Tech 52kWh 150hp,150,52.0,Lithium-ion,184.0,245.0,127,315,8.2,70.0,CCS,750.0,420,5,FWD,JB - Compact,4143,1796,1552,SUV,https://ev-database.org/car/3127/Renault-4-E-Tech-52kWh-150hp
355,Renault,5 E-Tech 40kWh 120hp,150,40.0,Lithium-ion,93.0,225.0,132,250,9.0,55.0,CCS,500.0,326,5,FWD,B - Compact,3922,1808,1489,Hatchback,https://ev-database.org/car/2134/Renault-5-E-Tech-40kWh-120hp
357,Renault,5 E-Tech 52kWh 150hp,150,52.0,Lithium-ion,184.0,245.0,129,320,8.0,70.0,CCS,500.0,326,5,FWD,B - Compact,3922,1808,1489,Hatchback,https://ev-database.org/car/2135/Renault-5-E-Tech-52kWh-150hp
360,Renault,Megane E-Tech EV60 130hp (TU2025),150,60.0,Lithium-ion,288.0,250.0,125,380,10.5,88.0,CCS,500.0,440,5,FWD,C - Medium,4200,1860,1505,Hatchback,https://ev-database.org/car/3131/Renault-Megane-E-Tech-EV60-130hp
361,Renault,Megane E-Tech EV60 220hp (TU2025),160,60.0,Lithium-ion,288.0,300.0,133,380,7.4,88.0,CCS,900.0,440,5,FWD,C - Medium,4200,1860,1505,Hatchback,https://ev-database.org/car/3132/Renault-Megane-E-Tech-EV60-220hp
362,Renault,Scenic E-Tech EV60 170hp,150,60.0,Lithium-ion,192.0,280.0,144,340,8.6,75.0,CCS,1100.0,545,5,FWD,JC - Medium,4470,1864,1571,SUV,https://ev-database.org/car/2068/Renault-Scenic-E-Tech-EV60-170hp
363,Renault,Scenic E-Tech EV87 220hp,170,87.0,Lithium-ion,288.0,300.0,143,480,7.9,95.0,CCS,1100.0,545,5,FWD,JC - Medium,4470,1864,1571,SUV,https://ev-database.org/car/2069/Renault-Scenic-E-Tech-EV87-220hp
365,Skoda,Elroq 50,160,52.0,Lithium-ion,192.0,310.0,149,310,9.0,90.0,CCS,1000.0,470,5,RWD,JC - Medium,4488,1884,1625,SUV,https://ev-database.org/car/3031/Skoda-Elroq-50
366,Skoda,Elroq 60,160,59.0,Lithium-ion,216.0,310.0,149,350,8.5,110.0,CCS,1000.0,470,5,RWD,JC - Medium,4488,1884,1625,SUV,https://ev-database.org/car/3032/Skoda-Elroq-60
367,Skoda,Elroq 85,180,77.0,Lithium-ion,288.0,545.0,145,450,6.6,120.0,CCS,1000.0,470,5,RWD,JC - Medium,4488,1884,1625,SUV,https://ev-database.org/car/3033/Skoda-Elroq-85
368,Skoda,Elroq RS,180,79.0,Lithium-ion,288.0,679.0,151,450,5.4,135.0,CCS,1200.0,470,5,AWD,JC - Medium,4488,1884,1608,SUV,https://ev-database.org/car/3183/Skoda-Elroq-RS
369,Skoda,Enyaq 60,160,59.0,Lithium-ion,216.0,310.0,145,360,8.1,110.0,CCS,1000.0,585,5,RWD,JC - Medium,4658,1879,1622,SUV,https://ev-database.org/car/3096/Skoda-Enyaq-60
370,Skoda,Enyaq 85,180,77.0,Lithium-ion,288.0,545.0,141,455,6.7,120.0,CCS,1000.0,585,5,RWD,JC - Medium,4658,1879,1622,SUV,https://ev-database.org/car/3097/Skoda-Enyaq-85
371,Skoda,Enyaq 85x,180,77.0,Lithium-ion,288.0,679.0,150,450,6.7,120.0,CCS,1200.0,585,5,AWD,JC - Medium,4658,1879,1620,SUV,https://ev-database.org/car/3098/Skoda-Enyaq-85x
372,Skoda,Enyaq Coupe 60,160,59.0,Lithium-ion,216.0,310.0,141,370,8.1,110.0,CCS,1000.0,570,5,RWD,JC - Medium,4658,1879,1623,SUV,https://ev-database.org/car/3099/Skoda-Enyaq-Coupe-60
373,Skoda,Enyaq Coupe 85,180,77.0,Lithium-ion,288.0,545.0,138,470,6.7,120.0,CCS,1000.0,570,5,RWD,JC - Medium,4658,1879,1623,SUV,https://ev-database.org/car/3100/Skoda-Enyaq-Coupe-85
374,Skoda,Enyaq Coupe 85x,180,77.0,Lithium-ion,288.0,679.0,146,460,6.7,120.0,CCS,1200.0,570,5,AWD,JC - Medium,4658,1879,1621,SUV,https://ev-database.org/car/3101/Skoda-Enyaq-Coupe-85x
375,Skoda,Enyaq Coupe RS,180,79.0,Lithium-ion,288.0,679.0,143,470,5.4,135.0,CCS,1200.0,570,5,AWD,JC - Medium,4660,1879,1608,SUV,https://ev-database.org/car/3185/Skoda-Enyaq-Coupe-RS
376,Skoda,Enyaq RS,180,79.0,Lithium-ion,288.0,679.0,147,460,5.4,135.0,CCS,1200.0,585,5,AWD,JC - Medium,4660,1879,1607,SUV,https://ev-database.org/car/3184/Skoda-Enyaq-RS
396,Subaru,Solterra AWD,160,64.0,Lithium-ion,96.0,336.0,154,320,6.9,100.0,CCS,750.0,441,5,AWD,JC - Medium,4690,1860,1650,SUV,https://ev-database.org/car/1567/Subaru-Solterra-AWD
397,Tesla,Model 3 Long Range AWD (Highland),201,75.0,Lithium-ion,4416.0,493.0,119,525,4.4,124.0,CCS,1000.0,594,5,AWD,D - Large,4720,1849,1441,Sedan,https://ev-database.org/car/1992/Tesla-Model-3-Long-Range-AWD
398,Tesla,Model 3 Long Range RWD (Highland),201,75.0,Lithium-ion,4416.0,450.0,117,545,5.2,124.0,CCS,1000.0,594,5,RWD,D - Large,4720,1849,1441,Sedan,https://ev-database.org/car/3034/Tesla-Model-3-Long-Range-RWD
399,Tesla,Model 3 Performance (Highland),262,75.0,Lithium-ion,4416.0,741.0,142,490,3.2,124.0,CCS,0.0,594,5,AWD,D - Large,4720,1849,1431,Sedan,https://ev-database.org/car/2188/Tesla-Model-3-Performance
405,Tesla,Model Y Long Range AWD (Juniper),201,75.0,Lithium-ion,4416.0,493.0,132,455,4.8,124.0,CCS,1600.0,854,5,AWD,JD - Large,4790,1982,1624,SUV,https://ev-database.org/car/3104/Tesla-Model-Y-Long-Range-AWD
406,Tesla,Model Y Long Range RWD (Juniper),201,75.0,Lithium-ion,4416.0,450.0,121,470,5.6,124.0,CCS,1600.0,854,5,RWD,JD - Large,4790,1982,1624,SUV,https://ev-database.org/car/3120/Tesla-Model-Y-Long-Range-RWD
408,Toyota,PROACE Verso L 75 kWh,130,68.0,Lithium-ion,324.0,260.0,204,260,13.3,79.0,CCS,1000.0,989,9,FWD,N - Passenger Van,5333,1920,1890,Small Passenger Van,https://ev-database.org/car/2267/Toyota-PROACE-Verso-L-75-kWh
409,Toyota,PROACE Verso M 50 kWh,130,46.3,Lithium-ion,216.0,260.0,217,180,12.1,78.0,CCS,1000.0,603,9,FWD,N - Passenger Van,4983,1920,1890,Small Passenger Van,https://ev-database.org/car/2264/Toyota-PROACE-Verso-M-50-kWh
410,Toyota,PROACE Verso M 75 kWh,130,68.0,Lithium-ion,324.0,260.0,202,260,13.3,79.0,CCS,1000.0,603,9,FWD,N - Passenger Van,4983,1920,1890,Small Passenger Van,https://ev-database.org/car/2266/Toyota-PROACE-Verso-M-75-kWh
413,Toyota,bZ4X AWD,160,64.0,Lithium-ion,96.0,336.0,154,345,6.9,100.0,CCS,750.0,452,5,AWD,JC - Medium,4690,1860,1600,SUV,https://ev-database.org/car/1565/Toyota-bZ4X-AWD
414,Toyota,bZ4X FWD,160,64.0,Lithium-ion,96.0,265.0,145,350,7.5,100.0,CCS,750.0,452,5,FWD,JC - Medium,4690,1860,1600,SUV,https://ev-database.org/car/1564/Toyota-bZ4X-FWD
417,Volkswagen,ID. Buzz LWB GTX,160,86.0,Lithium-ion,312.0,560.0,182,350,6.5,145.0,CCS,1600.0,1340,7,AWD,N - Passenger Van,4960,1985,1927,Small Passenger Van,https://ev-database.org/car/2157/Volkswagen-ID-Buzz-LWB-GTX-
418,Volkswagen,ID. Buzz LWB Pro,160,86.0,Lithium-ion,312.0,560.0,190,370,7.9,145.0,CCS,1000.0,1340,7,RWD,N - Passenger Van,4962,1985,1924,Small Passenger Van,https://ev-database.org/car/2154/Volkswagen-ID-Buzz-LWB-Pro
419,Volkswagen,ID. Buzz NWB GTX,160,79.0,Lithium-ion,288.0,560.0,194,330,6.5,135.0,CCS,1800.0,1121,6,AWD,N - Passenger Van,4712,1985,1925,Small Passenger Van,https://ev-database.org/car/2156/Volkswagen-ID-Buzz-NWB-GTX
420,Volkswagen,ID. Buzz NWB Pro,160,79.0,Lithium-ion,288.0,560.0,187,360,7.6,135.0,CCS,1200.0,1121,6,RWD,N - Passenger Van,4712,1985,1927,Small Passenger Van,https://ev-database.org/car/2232/Volkswagen-ID-Buzz-NWB-Pro
421,Volkswagen,ID. Buzz NWB Pure,145,59.0,Lithium-ion,216.0,310.0,178,275,10.7,110.0,CCS,1000.0,1121,6,RWD,N - Passenger Van,4712,1985,1927,Small Passenger Van,https://ev-database.org/car/3119/Volkswagen-ID-Buzz-NWB-Pure
422,Volkswagen,ID.3 GTX,180,79.0,Lithium-ion,288.0,545.0,131,470,5.9,135.0,CCS,0.0,385,5,RWD,C - Medium,4322,1809,1538,Hatchback,https://ev-database.org/car/2152/Volkswagen-ID3-GTX
423,Volkswagen,ID.3 GTX Performance,200,79.0,Lithium-ion,288.0,545.0,131,465,5.6,135.0,CCS,0.0,385,5,RWD,C - Medium,4322,1809,1538,Hatchback,https://ev-database.org/car/2153/Volkswagen-ID3-GTX-Performance
424,Volkswagen,ID.3 Pro,160,59.0,Lithium-ion,216.0,310.0,136,365,7.6,110.0,CCS,0.0,385,5,RWD,C - Medium,4264,1809,1564,Hatchback,https://ev-database.org/car/2213/Volkswagen-ID3-Pro
425,Volkswagen,ID.3 Pro S,160,77.0,Lithium-ion,288.0,310.0,138,465,7.1,120.0,CCS,0.0,385,5,RWD,C - Medium,4264,1809,1564,Hatchback,https://ev-database.org/car/2210/Volkswagen-ID3-Pro-S
426,Volkswagen,ID.3 Pure,160,52.0,Lithium-ion,192.0,310.0,134,325,8.2,90.0,CCS,0.0,385,5,RWD,C - Medium,4264,1809,1564,Hatchback,https://ev-database.org/car/2214/Volkswagen-ID3-Pure
427,Volkswagen,ID.4 GTX,180,77.0,Lithium-ion,288.0,679.0,152,420,5.4,120.0,CCS,1200.0,543,5,AWD,JC - Medium,4584,1852,1631,SUV,https://ev-database.org/car/2030/Volkswagen-ID4-GTX
428,Volkswagen,ID.4 Pro,180,77.0,Lithium-ion,288.0,545.0,149,445,6.7,120.0,CCS,1000.0,543,5,RWD,JC - Medium,4584,1852,1631,SUV,https://ev-database.org/car/2028/Volkswagen-ID4-Pro
429,Volkswagen,ID.4 Pro 4MOTION,180,77.0,Lithium-ion,288.0,679.0,155,435,6.6,120.0,CCS,1200.0,543,5,AWD,JC - Medium,4584,1852,1631,SUV,https://ev-database.org/car/2029/Volkswagen-ID4-Pro-4MOTION
430,Volkswagen,ID.4 Pure,160,52.0,Lithium-ion,192.0,310.0,143,285,9.0,87.0,CCS,1000.0,543,5,RWD,JC - Medium,4584,1852,1640,SUV,https://ev-database.org/car/2027/Volkswagen-ID4-Pure
431,Volkswagen,ID.5 GTX,180,77.0,Lithium-ion,288.0,679.0,144,430,5.5,120.0,CCS,1200.0,549,5,AWD,JC - Medium,4599,1852,1615,SUV,https://ev-database.org/car/2033/Volkswagen-ID5-GTX
432,Volkswagen,ID.5 Pro,180,77.0,Lithium-ion,288.0,545.0,138,460,6.7,120.0,CCS,1000.0,549,5,RWD,JC - Medium,4599,1852,1615,SUV,https://ev-database.org/car/2031/Volkswagen-ID5-Pro
433,Volkswagen,ID.5 Pure,160,52.0,Lithium-ion,288.0,310.0,142,320,8.9,87.0,CCS,1000.0,549,5,RWD,JC - Medium,4599,1852,1615,SUV,https://ev-database.org/car/3080/Volkswagen-ID5-Pure
434,Volkswagen,ID.7 GTX,180,86.0,Lithium-ion,312.0,560.0,145,500,5.4,145.0,CCS,1200.0,532,5,AWD,E - Executive,4961,1862,1536,Liftback Sedan,https://ev-database.org/car/2216/Volkswagen-ID7-GTX
435,Volkswagen,ID.7 Pro,180,77.0,Lithium-ion,288.0,550.0,132,475,6.5,125.0,CCS,1000.0,532,5,RWD,E - Executive,4961,1862,1536,Liftback Sedan,https://ev-database.org/car/1839/Volkswagen-ID7-Pro
436,Volkswagen,ID.7 Pro S,180,86.0,Lithium-ion,312.0,550.0,133,525,6.6,145.0,CCS,1000.0,532,5,RWD,E - Executive,4961,1862,1536,Liftback Sedan,https://ev-database.org/car/1840/Volkswagen-ID7-Pro-S
437,Volkswagen,ID.7 Tourer GTX,180,86.0,Lithium-ion,312.0,560.0,147,500,5.5,145.0,CCS,1200.0,605,5,AWD,E - Executive,4961,1862,1536,Station/Estate,https://ev-database.org/car/2158/Volkswagen-ID7-Tourer-GTX
438,Volkswagen,ID.7 Tourer Pro,180,77.0,Lithium-ion,288.0,550.0,146,470,6.6,125.0,CCS,1000.0,605,5,RWD,E - Executive,4961,1862,1536,Station/Estate,https://ev-database.org/car/2118/Volkswagen-ID7-Tourer-Pro
439,Volkswagen,ID.7 Tourer Pro S,180,86.0,Lithium-ion,312.0,550.0,125,520,6.7,145.0,CCS,1000.0,605,5,RWD,E - Executive,4961,1862,1536,Station/Estate,https://ev-database.org/car/2119/Volkswagen-ID7-Tourer-Pro-S
441,Volvo,EC40 Single Motor ER (MY26),180,79.0,Lithium-ion,324.0,420.0,146,420,7.3,125.0,CCS,1500.0,404,5,RWD,JC - Medium,4440,1873,1596,SUV,https://ev-database.org/car/3155/Volvo-EC40-Single-Motor-ER
442,Volvo,EC40 Twin Motor (MY26),180,79.0,Lithium-ion,324.0,670.0,155,400,4.8,125.0,CCS,1800.0,404,5,AWD,JC - Medium,4440,1873,1596,SUV,https://ev-database.org/car/3156/Volvo-EC40-Twin-Motor
443,Volvo,EC40 Twin Motor Performance (MY26),180,79.0,Lithium-ion,324.0,670.0,155,400,4.6,125.0,CCS,1800.0,404,5,AWD,JC - Medium,4440,1873,1596,SUV,https://ev-database.org/car/3157/Volvo-EC40-Twin-Motor-Performance
452,Volvo,EX40 Single Motor ER (MY26),180,79.0,Lithium-ion,324.0,420.0,152,400,7.3,125.0,CCS,1500.0,410,5,RWD,JC - Medium,4440,1863,1652,SUV,https://ev-database.org/car/3159/Volvo-EX40-Single-Motor-ER
453,Volvo,EX40 Twin Motor (MY26),180,79.0,Lithium-ion,324.0,670.0,163,385,4.8,125.0,CCS,1800.0,410,5,AWD,JC - Medium,4440,1863,1652,SUV,https://ev-database.org/car/3160/Volvo-EX40-Twin-Motor
454,Volvo,EX40 Twin Motor Performance (MY26),180,79.0,Lithium-ion,324.0,670.0,163,385,4.6,125.0,CCS,1800.0,410,5,AWD,JC - Medium,4440,1863,1652,SUV,https://ev-database.org/car/3161/Volvo-EX40-Twin-Motor-Performance
455,Volvo,EX90 Single Motor (MY24-26),180,100.0,Lithium-ion,192.0,490.0,182,460,8.4,140.0,CCS,1200.0,310,7,RWD,JF - Luxury,5037,1964,1744,SUV,https://ev-database.org/car/1950/Volvo-EX90-Single-Motor
456,Volvo,EX90 Twin Motor (MY24-26),180,107.0,Lithium-ion,204.0,770.0,188,470,5.9,150.0,CCS,2200.0,310,7,AWD,JF - Luxury,5037,1964,1744,SUV,https://ev-database.org/car/1775/Volvo-EX90-Twin-Motor
457,Volvo,EX90 Twin Motor Performance (MY24-26),180,107.0,Lithium-ion,204.0,910.0,188,455,4.9,150.0,CCS,2200.0,310,7,AWD,JF - Luxury,5037,1964,1744,SUV,https://ev-database.org/car/1776/Volvo-EX90-Twin-Motor-Performance
468,Zeekr,001 Long Range RWD,200,94.0,Lithium-ion,110.0,343.0,152,505,7.2,135.0,CCS,1500.0,539,5,RWD,E - Executive,4955,1999,1560,Liftback Sedan,https://ev-database.org/car/1933/Zeekr-001-Long-Range-RWD
469,Zeekr,001 Performance AWD,200,94.0,Lithium-ion,110.0,686.0,159,480,3.8,135.0,CCS,2000.0,539,5,AWD,E - Executive,4955,1999,1560,Liftback Sedan,https://ev-database.org/car/1934/Zeekr-001-Performance-AWD
470,Zeekr,001 Privilege AWD,200,94.0,Lithium-ion,110.0,686.0,162,480,3.8,135.0,CCS,2000.0,539,5,AWD,E - Executive,4955,1999,1548,Liftback Sedan,https://ev-database.org/car/1935/Zeekr-001-Privilege-AWD
